{"params": [[0.9566816606203433, -0.3166409618842211, -0.4806238377539858], [0.03556439281994943], [0.4446150194921622, -0.44142759325274605, -0.43870327947260257], [-0.022861529962201487], [-0.7085199497146923, -0.5047391675396774, -0.4776473993352695], [1.1503918699822577], [0.6313571183775327, -0.585410170242741, -0.4524806328079819], [-0.0995577834477927], [-0.7339809248523007, -0.3481352662165861, -0.44846352078354507], [-0.23807808191134838], [-0.7286803752778525, 0.5647241653458381, -0.0673277900440714], [-0.06361098965848343], [-0.13099055857772873, 0.5213995786611173, 0.18959971182592436, -0.09872315627215483, 0.23615987400987734, 0.1803595804313734], [-0.03751931433761249], [-0.5727524767327205, -0.5200859604346068, -0.12286339958676931, 0.5609906052853485, -0.13251991374151353, -0.018399853464743023], [-0.09741997749638207], [-0.2423614237888954, -0.4397982781238888, -0.7555756301747986, 0.17981577612961014, -0.9620972372045812, -0.529304172854889], [-0.020245693557437966], [-0.7364760124034234, -0.7746243642135916, 0.5437712871823407, -0.38164623444135903, -0.8091606687102407, -0.13340748133204317], [0.04064088338375419], [-0.04990752249481584, -0.4613826193782198, -1.0677231533017397, -0.5512183177874306, -0.484874108653042, -0.10202267314146876], [0.0], [-0.4557532916343425, 0.4565954453993177, 0.901733464105915, 0.03637199185359769, -0.8136243872796008, 0.34119985044425616], [-0.01725778292701189], [-0.22670897338699067, -1.1285843426955904, -0.27511214659415895, -0.3401940298783007, 0.4016125569374121, -1.148055311672563], [1.0560491178601579]], "metadata": {"means": [14.127291739894552, 19.289648506151142, 0.09636028119507908], "stds": [3.520950760711062, 4.297254637090422, 0.014051764066591203], "n_inputs": 3, "layer_outputs": [6, 6, 1]}}